{
  "sum": [
    [
      1,
      2,
      3,
      4,
      5,
      6,
      7,
      8,
      9,
      10
    ],
    [
      0.0038488999999999997,
      0.0018897000000000002,
      0.0019385000000000001,
      0.0018919000000000002,
      0.0018849000000000001,
      0.001883600000000001,
      0.0018922999999999995,
      0.0018784000000000006,
      0.001886800000000001,
      0.0018708000000000023
    ]
  ],
  "exp": [
    [
      10,
      20,
      30,
      40,
      50,
      60,
      70,
      80,
      90,
      100,
      110,
      120,
      130,
      140,
      150,
      160,
      170,
      180,
      190,
      200,
      210,
      220,
      230,
      240,
      250
    ],
    [
      0.0173366,
      0.0120737,
      0.012837500000000002,
      0.014937800000000001,
      0.0169473,
      0.019040100000000004,
      0.02112749999999998,
      0.02316760000000001,
      0.025006100000000003,
      0.0268872,
      0.029473199999999977,
      0.031443,
      0.033416800000000024,
      0.04001710000000003,
      0.03720640000000003,
      0.039128899999999966,
      0.041793599999999986,
      0.043902099999999944,
      0.04526169999999996,
      0.047187199999999985,
      0.049909300000000045,
      0.05159379999999991,
      0.053566400000000014,
      0.05532210000000004,
      0.057753400000000066
    ]
  ],
  "hash": [
    [
      1,
      2,
      3,
      4,
      5,
      6,
      7,
      8,
      9,
      10
    ],
    [
      0.004687900000000078,
      0.0018479999999999608,
      0.0018389000000000877,
      0.0018721999999999905,
      0.0018623000000000944,
      0.0018653000000000697,
      0.0018522000000000816,
      0.0018459999999999033,
      0.0018566999999999334,
      0.0018536000000000108
    ]
  ],
  "fib": [
    [
      1,
      2,
      3,
      4,
      5,
      6,
      7,
      8,
      9,
      10,
      11,
      12,
      13,
      14,
      15,
      16,
      17,
      18,
      19,
      20,
      21,
      22,
      23,
      24,
      25,
      26,
      27,
      28,
      29,
      30
    ],
    [
      9.299999999989872e-06,
      1.470000000003413e-05,
      2.120000000005451e-05,
      3.360000000007801e-05,
      5.2200000000057756e-05,
      8.38999999999146e-05,
      0.00013140000000000374,
      0.00040989999999996307,
      0.0040063999999999655,
      0.00044920000000003846,
      0.0007404999999999218,
      0.004876699999999956,
      0.007728199999999963,
      0.005537800000000037,
      0.0016424999999999912,
      0.00018119999999999248,
      0.0002242999999999551,
      0.0003585999999999867,
      0.0005933999999999662,
      0.0009016000000000579,
      0.006390600000000024,
      0.0023168000000000077,
      0.0036938000000000804,
      0.0060514999999999874,
      0.010516599999999987,
      0.01609399999999994,
      0.03106180000000003,
      0.04682260000000005,
      0.0728264999999999,
      0.11992080000000005
    ]
  ]
}